{"train/loss": 3.003, "train/learning_rate": 0.0001161290322580645, "train/epoch": 3.98, "train/global_step": 448, "_timestamp": 1702481691.4010015, "_runtime": 777.5999414920807, "_step": 17, "eval/loss": 5.722447395324707, "eval/runtime": 5.9173, "eval/samples_per_second": 16.9, "eval/steps_per_second": 8.45, "train/train_runtime": 766.2766, "train/train_samples_per_second": 4.698, "train/train_steps_per_second": 0.585, "train/total_flos": 8022676878655488.0, "train/train_loss": 5.30897947720119, "_wandb": {"runtime": 776}}