{"train/loss": 0.0, "train/learning_rate": 1.4510278113663843e-06, "train/epoch": 4.0, "train/global_step": 3508, "_timestamp": 1702806742.0524476, "_runtime": 1854.0508246421814, "_step": 141, "eval/loss": NaN, "eval/runtime": 7.5494, "eval/samples_per_second": 12.849, "eval/steps_per_second": 1.722, "train/train_runtime": 1835.4881, "train/train_samples_per_second": 1.911, "train/train_steps_per_second": 1.911, "train/total_flos": 4.534981401673728e+16, "train/train_loss": 0.08441657106580049, "_wandb": {"runtime": 1853}}